#FFB5BA,#EA9399,#E4717A,#F9CCCA,#DEA5A4,#C08081,#EAD8D7,#C4AEAD,#EAE3E1,#C1B6B3,#BE0032,#BC3F4A,#841B2D,#5C0923,#AB4E52,#722F37,#3F1728,#AD8884,#905D5D,#543D3F,#2E1D21,#8F817F,#5C504F,#282022,#FFB7A5,#F99379,#E66721,#F4C2C2,#D9A6A9,#C48379,#ECD5C5,#C7ADA3,#C2AC99,#E25822,#D9603B,#AA381E,#CB6D51,#9E4732,#B4745E,#882D17,#56070C,#A87C6D,#79443B,#3E1D1E,#977F73,#674C47,#43302E,#F38400,#FD943F,#ED872D,#BE6516,#FAB57F,#D99058,#AE6938,#80461B,#593319,#A67B5B,#6F4E37,#422518,#958070,#635147,#3E322C,#8E8279,#5B504F,#28201C,#F6A600,#FFC14F,#EAA221,#C98500,#FBC97F,#E3A857,#BE8A3D,#FAD6A5,#996515,#654522,#C19A6B,#826644,#4B3621,#AE9B82,#7E6D5A,#483C32,#F3C300,#FADA5E,#D4AF37,#AF8D13,#F8DE7E,#C9AE5D,#AB9144,#F3E5AB,#C2B280,#A18F60,#F0EAD6,#BFB8A5,#967117,#6C541E,#3B3121,#DCD300,#E9E450,#BEB72E,#9B9400,#EAE679,#B9B459,#98943E,#EBE8A4,#B9B57D,#867E36,#665D1E,#403D21,#8C8767,#5B5842,#363527,#8A8776,#57554C,#25241D,#8DB600,#BDDA57,#7E9F2E,#467129,#C9DC89,#8A9A5B,#DADFB7,#8F9779,#404F00,#232F00,#4A5D23,#2B3D26,#515744,#31362B,#27A64C,#83D37D,#44944A,#00622D,#003118,#B6E5AF,#93C592,#679267,#355E3B,#173620,#008856,#3EB489,#007959,#00543D,#8ED1B2,#6AAB8E,#3B7861,#1B4D3E,#1C352D,#C7E6D7,#8DA399,#5E716A,#3A4B47,#1A2421,#DFEDE8,#B2BEB5,#7D8984,#4E5755,#1E2321,#008882,#00A693,#007A74,#00443F,#96DED1,#66ADA4,#317873,#004B49,#002A29,#0085A1,#239EBA,#007791,#2E8495,#9CD1DC,#66AABC,#367588,#004958,#002E3B,#00A1C2,#4997D0,#0067A5,#00416A,#A1CAF1,#70A3CC,#436B95,#00304E,#BCD4E6,#91A3B0,#536878,#36454F,#202830,#E9E9ED,#B4BCC0,#81878B,#51585E,#202428,#30267A,#6C79B8,#545AA7,#272458,#B3BCE2,#8791BF,#4E5180,#252440,#C0C8E1,#8C92AC,#4C516D,#9065CA,#7E73B8,#604E97,#32174D,#DCD0FF,#8C82B6,#604E81,#2F2140,#C4C3DD,#9690AB,#554C69,#9A4EAE,#D399E6,#875692,#602F6B,#401A4C,#D5BADB,#B695C0,#86608E,#563C5C,#301934,#D6CADD,#AA98A9,#796878,#50404D,#291E29,#E8E3E5,#BFB9BD,#8B8589,#5D555B,#242124,#870074,#9E4F88,#702963,#54194E,#B784A7,#915C83,#5D3954,#341731,#AA8A9E,#836479,#FFC8D6,#E68FAC,#DE6FA1,#EFBBCC,#D597AE,#C17E91,#E8CCD7,#C3A6B1,#CE4676,#B3446C,#78184A,#54133B,#A8516E,#673147,#38152C,#AF868E,#915F6D,#F2F3F4,#B9B8B5,#848482,#555555,#222222
0.0,0.0,0.0,7.6103500761035e-06,0.0,0.0,2.2831050228310503e-05,4.819888381532217e-05,1.2683916793505835e-05,4.819888381532217e-05,0.0,0.0,0.0,0.0,0.0,0.0,0.0,6.595636732623034e-05,7.6103500761035e-06,8.625063419583968e-05,0.0005175038051750381,0.00699898528665652,0.0001750380517503805,7.356671740233383e-05,0.0,0.0,0.0,0.0,0.0,0.0,9.893455098934551e-05,8.878741755454085e-05,0.00014205986808726534,0.0,0.0,0.0,0.0,0.0,0.0,0.0,0.0,1.7757483510908167e-05,0.0,0.0018442415017757483,0.0001750380517503805,0.00027904616945712837,0.00015220700152207003,0.0,0.0,0.0,0.0,0.0,0.0,0.0,0.0,0.1578614916286149,0.00018011161846778284,0.0020649416539827497,0.1493455098934551,0.00020547945205479453,0.010849822425164891,0.00022831050228310502,0.042442922374429225,0.0007914764079147641,0.07283612379502791,0.0,0.0,0.0,0.0,0.0,0.0,0.0,1.7757483510908167e-05,0.0,0.02128107559614409,1.7757483510908167e-05,0.0010857432775240995,0.03458396752917301,0.00022577371892440386,0.033272450532724505,0.08089294774226281,0.0,0.0,0.0,0.0,0.0,0.0,0.0,0.0,1.2683916793505835e-05,5.3272450532724505e-05,7.6103500761035e-06,1.5220700152207e-05,0.0,0.0005454084221207508,0.13619482496194826,0.0,0.0,0.0,0.0,0.0,0.0,0.0,0.0,0.0,0.0,0.0,0.0713216641298833,0.0,0.03706747843734145,0.010963977676306443,2.536783358701167e-05,0.09374936580416032,0.007458143074581431,0.0,0.0,0.0,0.0,0.0,0.0,0.0,0.0,0.0,0.0,0.0,0.0,9.132420091324201e-05,2.0294266869609337e-05,0.0,0.0,0.0,0.0,0.0,0.0,0.0,0.0,0.0,0.0,0.0,0.0,0.0,0.0,0.0,0.0,0.0,0.0,0.0,0.0,5.834601725012684e-05,0.00012683916793505834,0.0,0.0,0.0,0.0,0.0,0.0,0.0,0.0,0.0,0.0,0.0,0.0,0.0,0.0,0.0,0.0,0.0,0.0,0.0,0.0,0.0,0.0,0.0,0.0,0.0,0.0,0.0,0.0,0.0,0.0,0.0,0.0,0.0,0.0,0.0,0.0,0.0,0.0,0.0,0.0,0.0,0.0,0.0,0.0,0.0,0.0,0.0,0.0,0.0,0.0,0.0,0.0,0.0,0.0,0.0,0.0,0.0,0.0,0.0,0.0,0.0,0.0,0.0,0.0,0.0,0.0,0.0,0.0,0.0,0.0,0.0,0.0,0.0,0.0,0.0,0.0,0.00010147133434804668,1.5220700152207e-05,2.536783358701167e-06,0.0,2.536783358701167e-06,0.0009614408929477423,0.0028716387620497208,0.00018011161846778284,2.536783358701167e-06,0.0,0.0,0.0,0.0,0.0,0.0,0.0,0.0,0.0,2.536783358701167e-06,0.0,0.0,0.0,0.0,0.0,0.0,2.0294266869609337e-05,1.7757483510908167e-05,0.0,0.0,0.0,0.0,0.0,0.0,0.0,7.6103500761035e-06,0.0,0.0,0.007897006595636732,0.009946727549467276,0.0011897513952308474,1.7757483510908167e-05
0.0,0.0,0.0,0.0,0.0,0.0,4.3050430504305045e-05,0.010928659286592866,5.945059450594506e-05,0.028288232882328825,0.0,0.0,0.0,0.0,0.0,0.0,0.0,2.870028700287003e-05,0.0,0.00044690446904469043,0.0,0.01517630176301763,0.015752357523575237,0.0,0.0,0.0,0.0,0.0,0.0,0.0,0.0,0.00033825338253382536,0.0003792537925379254,0.0,0.0,0.0,0.0,0.0,0.0,0.0,0.0,0.0,0.0,0.0,0.00032800328003280033,0.000955309553095531,0.00019475194751947519,0.0,0.0,0.0,0.0,0.0,0.0,0.0,0.0,0.0,8.200082000820008e-06,0.010022550225502256,4.100041000410004e-06,0.0011377613776137761,0.14625461254612546,0.0053710537105371055,0.017404674046740468,0.0163530135301353,4.100041000410004e-06,0.0,0.0,0.0,0.0,0.0,0.0,0.0,0.0,0.0,0.0,0.0,0.0002521525215252153,0.07821443214432144,0.0011398113981139811,0.06364903649036491,0.09846863468634687,0.0,0.0,0.0,0.0,0.0,0.0,0.0,0.0,0.0,6.150061500615006e-06,0.0,0.0005576055760557606,0.0,0.0,0.018829438294382946,0.0,0.0,0.0,0.0,0.0,0.0,0.0,0.0,0.0,0.0,0.0,0.003136531365313653,0.0004387043870438704,0.12636531365313652,2.050020500205002e-06,0.004428044280442804,0.22211357113571137,0.0,0.0,0.0,0.0,0.0,0.0,0.0,0.0,2.050020500205002e-06,0.0,0.0,0.0,0.0,0.00044690446904469043,0.0,0.0,0.0,0.0,0.0,0.0,0.0,0.0,0.0,0.0,0.0,0.0,0.0,0.0,0.0,0.0,0.0,0.0,0.0,0.0,0.0,5.945059450594506e-05,0.0018778187781877819,0.0,0.0,0.0,0.0,0.0,0.0,0.0,0.0,0.0,0.0,0.0,0.0,0.0,0.0,0.0,0.0,0.0,0.0,0.0,0.0,0.0,0.0,0.0,0.0,0.0,0.0,0.0,0.0,0.0,0.0,0.0,1.025010250102501e-05,0.0,0.0002521525215252153,0.00028290282902829027,0.0002193521935219352,0.0,0.0,0.0003772037720377204,3.075030750307503e-05,0.0013079130791307913,0.0003977039770397704,0.0,0.0,0.0,0.0,0.0,0.0014288642886428865,5.125051250512505e-05,0.0,0.0,0.0005924559245592455,0.004350143501435014,0.0,0.0,0.0,0.0,0.0,0.0,0.0,0.0,0.0,0.0003526035260352604,0.00047560475604756046,0.0,0.0,0.0,0.0,0.0,0.0,0.0,0.0,0.0,0.0,0.0,0.00023780237802378023,0.000973759737597376,0.007874128741287413,2.050020500205002e-06,0.0,6.150061500615006e-05,0.0007318573185731858,0.032314473144731445,0.013595735957359573,0.0,0.0,0.0,0.0,0.0,0.0,0.0,0.0,0.0,0.0,0.0,0.0,0.0,0.0,0.0,0.0,0.0,0.0,2.050020500205002e-06,0.0,0.0,0.0,0.0,0.0,0.0,0.0,0.0,0.0,0.0,0.017011070110701108,0.019165641656416564,0.007259122591225913,0.0
0.0,0.0,0.0,0.0,0.0,0.0,0.0,0.0,0.0,0.0,0.0,0.0,0.0,0.0,0.0,0.0,0.0,0.0,0.0,0.0,0.0,0.0,0.0,0.0,0.0,0.0,0.0,0.0,0.0,0.0,0.0,0.0,0.0,0.0,0.0,0.0,0.0,0.0,0.0,0.0,0.0,0.0,0.0,0.0,0.0,0.0,0.0,0.0,0.0,0.0,0.0,0.0,0.0,0.0,0.0,0.0,0.0,0.0,0.0,0.0,0.0,0.0,0.0,0.0,0.0,0.0,0.0,0.0,0.0,0.0,0.0,0.0,0.0,0.0,0.0,0.0,0.0,0.0,0.0,0.0,0.0,0.0,0.0,0.0,0.0,0.0,0.0,0.0,0.0,0.0,0.0,0.0,0.0,0.0,0.0,0.0,0.0,0.0,0.0,0.0,0.0,0.0,0.0,0.0,0.0,0.0,0.0,0.0,0.0,0.0,0.0,0.0,0.0,0.0010878243512974053,0.0,0.0,0.0,0.0,0.0,0.0,0.0,0.0,0.0,0.0,0.0,0.00012641383898868928,0.002132401862940785,0.20961077844311377,0.0,0.0,0.0,0.0,0.0,0.0,0.0,0.0,0.0,0.0,0.0,0.0,0.0,0.0,0.0,0.0,0.0,0.0,0.041260811709913504,0.0,0.0001430472388556221,0.023912175648702596,0.19298070525615435,0.08666999334664005,0.00015302727877578178,3.3266799733865604e-06,0.001483699268130406,0.02238855622089155,0.013030605455755156,0.0,0.0,0.0,0.0,0.0,1.9960079840319362e-05,4.324683965402528e-05,0.0,6.65335994677312e-05,3.3266799733865604e-06,0.0,0.0,0.0024617431803060546,0.03420159680638723,0.04450765136393879,0.01003992015968064,0.0001996007984031936,0.0009481037924151697,0.0,0.0,0.0,0.0,0.03795409181636727,0.06037924151696607,0.0,0.0,0.00015635395874916833,0.0016600133067198935,0.008775781769793746,0.06805721889554225,0.09833000665335995,0.0,0.00012308715901530274,0.0013173652694610778,0.005186294078509648,0.030369261477045908,0.0,0.0,0.0,0.0,0.0,0.0,0.0,0.0,0.0,0.00012308715901530274,7.984031936127745e-05,0.0,0.0,0.0,0.0,0.0,0.0,0.0,0.0,0.0,0.0,0.0,0.0,0.0,0.0,0.0,0.0,0.0,0.0,0.0,0.0,0.0,0.0,0.0,0.0,0.0,0.0,0.0,0.0,0.0,0.0,0.0,0.0,0.0,0.0,0.0,0.0,0.0,0.0,0.0,0.0,0.0,0.0,0.0,0.0,0.0,0.0,0.0,0.0,0.0,0.0,0.0,0.0,0.0,0.0,0.0,0.0,0.0,0.0,0.0,0.0,0.0,0.0,1.3306719893546241e-05
0.0,0.0,0.0,0.0,0.0,0.0,2.2968705139247774e-05,6.17283950617284e-05,0.0,0.00017082974447315532,0.0,0.0,0.0,0.0,0.0,0.0,0.0,1.2919896640826873e-05,0.0,0.00021676715475165087,0.0016838931955211025,0.0004220499569336779,0.0003775480907263853,0.0014843525696238875,0.0,0.0,0.0,0.0,0.0,0.0,0.0,7.464829170255527e-05,1.2919896640826873e-05,0.0,0.0,0.0,0.0,0.0,0.0,0.0,0.0,0.0,0.0,0.001138386448463968,6.890611541774332e-05,0.0006029285099052541,0.0031165661785816823,0.0,0.0,0.0,0.0,0.0,0.0,0.0,0.0,0.0018590295722078667,0.0,0.047786391042204994,0.1028797014068332,0.003765432098765432,0.012362905541200115,0.020734998564455927,0.0004306632213608958,0.0009517657192075797,0.4173040482342808,0.0,0.0,0.0,0.0,0.0,0.0,0.0,0.0,0.0,0.004810508182601206,0.0,0.0020973298880275623,0.10187912718920471,0.029602354292276773,0.010888601780074648,0.01657335630203847,0.0,0.0,0.0,0.0,0.0,0.0,0.0,0.0,0.0,0.0,0.0,0.0,0.0,6.316393913293138e-05,0.10075940281366638,0.0,0.0,0.0,0.0,0.0,0.0,0.0,0.0,0.0,0.0,0.0,0.00040338788400803903,0.003534309503301751,0.009694229112833764,3.158196956646569e-05,0.005479471719781797,0.0002526557565317255,0.0023830031581969567,0.0,0.0,0.0,0.0,0.0,0.0,0.0,0.0,0.0,0.0,0.0,0.0,0.0,0.0,0.0,0.0,0.0,0.0,0.0,0.0,0.0,0.0,0.0,0.0,0.0,0.0,0.0,0.0,0.0,0.0,0.0,0.0,0.0,0.0,0.0,0.0,0.0,0.0,0.0,0.0,0.0,0.0,0.0003373528567327017,0.0,0.0,0.0,0.0,0.0,0.0,0.0,0.0,0.0,0.0,0.0,0.0,0.0,0.0,0.0,0.0,0.0,0.0,0.0,0.0,0.0,0.0,0.0,0.0,0.0,0.0,0.0,0.0,0.0,0.0,0.0,0.0,0.0,0.0,0.0,0.0,0.0,0.0,0.0,0.0,0.0,0.0,0.0,0.0,0.0,0.0,0.0,0.0,0.0,0.0,0.0,0.0,0.0,0.0,0.0,0.0,0.0,0.0,0.0,0.0,0.0,0.0,0.0,0.0,0.0,0.0,0.0,0.0,0.0,0.0,1.1484352569623887e-05,0.0,0.0,5.7421762848119435e-06,2.7275337352856732e-05,9.905254091300602e-05,8.182601205857019e-05,0.0015676141257536607,0.0,0.0,0.0,0.0,0.0,0.0,0.0,0.0,0.0,0.0,0.0,0.0,0.0,0.0,0.0,0.0,0.0,0.0,0.0,0.0,0.0,0.0,0.0,0.0,0.0,0.0,0.0,0.0,5.024404249210451e-05,9.043927648578811e-05,0.0001234567901234568,0.09161068044788975
0.0,0.0,0.0,0.0,0.0,0.0,0.007257142857142857,0.0,0.0,0.00030476190476190474,0.0,0.0,0.0,0.0,0.0,0.0,0.0,0.0,0.0,0.0,0.0071206349206349205,0.0,0.0,0.0,0.0,0.0,0.0,0.0,0.0,0.0,0.05925079365079365,0.01411111111111111,0.05296190476190476,0.0,0.0,0.0,0.0,0.0,0.0,0.0,0.0025873015873015873,0.0010857142857142858,0.0,0.020346031746031747,0.0032793650793650794,0.0,0.0,0.0,0.0,0.0,0.0,0.0,0.0,0.0008158730158730158,0.26938730158730156,0.07483174603174603,0.047025396825396824,0.014317460317460317,0.023114285714285716,0.03212698412698413,0.0,0.0,0.0,0.0,0.005546031746031746,0.0,0.0,0.0,0.0,0.0,0.0,0.005022222222222222,0.0,0.01108888888888889,0.06422222222222222,0.01611111111111111,0.12253650793650793,0.0,0.08787619047619048,0.019292063492063492,0.0,0.0,0.0,0.0,0.0,0.0,0.0,0.0041174603174603175,0.0,0.0,0.006571428571428572,0.0,0.003107936507936508,0.0044571428571428574,0.02012698412698413,0.0,0.0,0.0,0.0,0.0,0.0,0.0,0.0,0.0,0.0,0.0,0.0,0.0,0.0,0.0,0.0,0.0,0.0,0.0,0.0,0.0,0.0,0.0,0.0,0.0,0.0,0.0,0.0,0.0,0.0,0.0,0.0,0.0,0.0,0.0,0.0,0.0,0.0,0.0,0.0,0.0,0.0,0.0,0.0,0.0,0.0,0.0,0.0,0.0,0.0,0.0,0.0,0.0,0.0,0.0,0.0,0.0,0.0,0.0,0.0,0.0,0.0,0.0,0.0,0.0,0.0,0.0,0.0,0.0,0.0,0.0,0.0,0.0,0.0,0.0,0.0,0.0,0.0,0.0,0.0,0.0,0.0,0.0,0.0,0.0,0.0,0.0,0.0,0.0,0.0,0.0,0.0,0.0,0.0,0.0,0.0,0.0,0.0,0.0,0.0,0.0,0.0,0.0,0.0,0.0,0.0,0.0,0.0,0.0,0.0,0.0,0.0,0.0,0.0,0.0,0.0,0.0,0.0,0.0,0.0,0.0,0.0,0.0,0.0,0.0,0.0,0.0,0.0,0.0,0.0,0.0,0.0,0.0,0.0,0.0,0.0,0.0,0.0,0.0,0.0,0.0,0.0,0.0,0.0,0.0,0.0,0.0,0.0,0.0,0.0,0.0,0.0,0.0,0.0,0.0,0.0,0.0,0.0,0.0,0.0,0.0,0.0,0.0,0.0,0.0,0.0,0.0,0.0,0.0,0.0,0.0,0.0
0.0,0.0,0.0,0.0,0.0,0.0,0.00013020833333333333,0.0,0.0,0.019713541666666667,0.0,0.0,0.0,0.0,0.0,0.0,0.0,0.0,0.0,1.3020833333333334e-05,0.0002951388888888889,4.774305555555556e-05,3.472222222222222e-05,0.00016059027777777778,0.0,0.0,0.0,0.0,0.0,0.0,0.002521701388888889,1.736111111111111e-05,0.029010416666666667,0.0,0.0,0.0,0.0,0.0,0.0,0.0,0.0,0.0,0.0,0.0006076388888888889,8.680555555555556e-06,0.0005034722222222222,3.472222222222222e-05,0.0,0.0,0.0,0.0,0.0,0.0,2.604166666666667e-05,0.007022569444444444,0.06741753472222223,0.0009331597222222223,0.006775173611111111,0.09922309027777777,0.011254340277777778,0.01562934027777778,0.004214409722222222,6.510416666666667e-05,6.944444444444444e-05,0.0768359375,0.0,0.0,0.0,0.0,0.0,0.0,2.170138888888889e-05,0.0,0.0024088541666666668,0.066796875,0.0037847222222222223,0.021809895833333332,0.059032118055555555,0.0408984375,0.02724392361111111,0.0253125,0.0,0.0,0.0,0.0,0.0,3.0381944444444444e-05,0.015638020833333332,0.0,0.01771267361111111,0.07844618055555555,0.0,0.1315017361111111,0.00872829861111111,0.055026041666666664,0.008654513888888889,0.0,0.0,0.0,0.0,0.0,0.0,0.0,0.0,0.0,0.007439236111111111,4.340277777777778e-06,9.114583333333334e-05,0.025972222222222223,0.0040190972222222225,0.0,0.02615451388888889,0.0,0.00010416666666666667,0.0,0.0,0.0,0.0,0.0,0.0,0.0014409722222222222,0.0,0.0,0.0,0.0,0.0,0.0,0.0,0.0,0.0,0.0,0.0,0.0,0.0,0.0,0.0,0.0,0.0,0.0,0.0,0.0,0.0,0.0,0.0,0.0,0.0,0.0,0.0,0.0,0.0,0.0,0.0,0.0,0.0,0.0,0.0,0.0,0.0,0.0,0.0,0.0,0.0,0.0,0.0,0.0,0.0,0.0,0.0,0.0,0.0,0.0,0.0,0.0,0.0,0.0,0.0,0.0,0.0,0.0,0.0,0.0,0.0,0.0,0.0,0.0,0.0,0.0,0.0,0.0,0.0,0.0,0.0,0.0,0.0,0.0,0.0,0.0,0.0,0.0,0.0,0.0,0.0,0.0,0.0,0.0,0.0,0.0,0.0,0.0,0.0,0.0,0.0,0.0,0.0,0.0,0.0,0.0,0.0,0.0,0.0,0.0,0.0,0.0,0.0,0.0,0.0,0.0,0.0,0.0,0.0,0.0,0.0,4.340277777777778e-06,0.0,0.00029947916666666664,0.0,0.0,0.0,0.0,0.0,0.0,0.0,0.0,0.0,0.0,0.0,0.0,0.0,0.0,0.0,0.0,0.0,0.0,0.0,0.0,0.0,0.0,0.0,0.0,0.0,0.0,0.0,0.0,1.3020833333333334e-05,0.0,0.0,0.02884548611111111
0.0,0.0,0.0,0.0,0.0,0.0,0.0,0.00011929107021131561,0.0,0.010770279481935924,0.0,0.0,0.0,0.0,0.0,0.0,0.0,0.0,0.0,0.0,0.0,0.0,0.0,0.0,0.0,0.0,0.0,0.0,0.0,0.0,0.0,0.00048738922972051807,0.004229720518064076,0.0,0.0,0.0,0.0,0.0,0.0,0.0,0.0,0.0,0.0,3.4083162917518747e-06,0.0,0.0,3.4083162917518747e-06,0.0,0.0,0.0,0.0,0.0,0.0,0.0,0.0,0.0034185412406271304,0.0,0.021741649625085208,0.06554192229038855,0.02558623040218132,0.04885480572597137,0.004700068166325835,0.19396387184730743,0.00017723244717109747,0.14206203135650988,0.0,0.0,0.0,0.0,0.0,0.0,0.0,0.0,0.0,0.029256987048398093,0.0,0.008827539195637356,0.06700068166325834,0.006046353101567825,0.17508861622358554,0.025865712338104977,0.0,0.0,0.0,0.0,0.0,0.0,0.0,0.0,0.0,0.0,0.0,0.0037900477164280843,0.0,0.0,0.07022494887525563,0.0,0.0,0.0,0.0,0.0,0.0,0.0,0.0,0.0,0.0,0.0,0.0,0.00019086571233810498,0.008040218132242672,6.134969325153375e-05,0.037372188139059306,0.018977505112474438,0.00011247443762781186,0.0,0.0,0.0,0.0,0.0,0.0,0.0,0.0,0.0,0.0,0.0,0.0,0.0,0.0,0.0,0.0,0.0,0.0,0.0,0.0,0.0,0.0,0.0,0.0,0.0,0.0,0.0,0.0,0.0,0.0,0.0,0.0,0.0,0.0,0.00013974096796182686,0.0,0.0,0.0,0.0,0.0,0.0,0.0,3.4083162917518747e-06,0.0,0.0,0.0,0.0,0.0,0.0,0.0,0.0,0.0,0.0,0.0,0.0,0.0,0.0,0.0,0.0,0.0,0.0,0.0,0.0,0.0,0.0,0.0,0.0,0.0,0.0,0.0,0.0,0.0,0.0,0.0,0.0,0.0,0.0,0.0,0.0,0.0,0.0,0.0,0.0,0.0,0.0,0.0,0.0,0.0,0.0,0.0,0.0,0.0,0.0,0.0,0.0,0.0,0.0,0.0,0.0,0.0,0.0,0.0,0.0,0.0,0.0,0.0,0.0,0.0,0.0,0.0,0.0,0.0,0.0,0.0,0.0,0.0,0.0,0.0,0.0,0.0,0.0,0.0,0.0,0.0,0.0,0.0,0.0,0.0,0.0,0.0,0.0,0.0,0.0,0.0,0.0,0.0,0.0,0.0,0.0,0.0,0.0,0.0,0.0,0.0,0.0,0.0,0.0,0.0,0.0,0.006997273346966599,0.0,0.0,0.02034423994546694
0.0,0.0,0.0,0.0,0.0,0.0,0.0,0.0,0.0,0.0,0.0,0.0,0.0,0.0,0.0,0.0,0.0,0.0,0.0,0.0,0.0,3.3085194375516956e-05,4.1356492969396195e-05,0.0,0.0,0.0,0.0,0.0,0.0,0.0,0.0,0.0,0.0,0.0,0.0,0.0,0.0,0.0,0.0,0.0,0.0,0.0,0.0,0.0,0.0,0.0,0.0,0.0,0.0,0.0,0.0,0.0,0.0,0.0,8.271298593879239e-06,0.03850289495450786,4.1356492969396195e-06,0.019962779156327545,0.05031430934656741,0.0,0.01119106699751861,0.0007402812241521919,0.0,5.3763440860215054e-05,0.09570719602977668,0.0,0.0,0.0,0.0,0.0,0.0,0.0,0.0,0.0,0.06172870140612076,0.0044747725392886685,0.06785773366418528,0.09559966914805625,0.03459470636889992,0.0031885856079404465,0.005153019023986766,0.0,0.0,0.0,0.0,0.0,0.0,0.0024855252274607114,0.0,0.016244830438378825,0.27780397022332504,0.0,0.0,0.0,0.10540115798180315,0.04253515301902399,0.0,0.0,0.0,0.0,0.0,0.0,0.0,0.0,0.0,0.0167535153019024,2.4813895781637717e-05,6.617038875103391e-05,0.005492142266335815,0.0018196856906534326,8.271298593879239e-06,0.0,4.1356492969396195e-06,0.0014433416046319273,0.0,0.0,0.0,0.0,0.0,0.0,0.0,0.0,0.0,0.0,0.0,0.0,0.0,0.0,0.0,0.0,0.0,0.0,0.0,0.0,0.0,0.0,0.0,0.0,0.0,0.0,0.0,0.0,0.0,0.0,0.0,0.0,0.0,0.0,0.0,0.0,0.0,0.0,0.0,0.0,0.0,0.0,1.2406947890818859e-05,0.0,0.0,0.0,0.0,0.0,0.0,0.0,0.0,0.0,0.0,0.0,0.0,0.0,0.0,0.0,0.0,0.0,0.0,0.0,0.0,0.0,0.0,0.0,0.0,0.0,0.0,0.0,0.0,0.0,0.0,0.0,0.0,0.0,0.0,0.0,0.0,0.0,0.0,0.0,0.0,0.0,0.0,0.0,0.0,0.0,0.0,0.0,0.0,0.0,0.0,0.0,0.0,0.0,0.0,0.0,0.0,0.0,0.0,0.0,0.0,0.0,0.0,0.0,0.0,0.0,0.0,0.0,0.0,0.0,8.271298593879239e-06,8.271298593879239e-06,0.0,0.0,0.0,0.0,5.3763440860215054e-05,0.00010339123242349049,0.0,0.0,0.0,0.0,0.0,0.0,0.0,0.0,0.0,0.0,0.0,0.0,0.0,0.0,0.0,0.0,0.0,0.0,0.0,0.0,0.0,0.0,0.0,0.0,0.0,0.0,0.0,0.0,0.0,0.0,0.0,0.0,0.040574855252274604
0.0,0.0,0.0,0.0,0.0,0.0,0.002529569892473118,0.0010913978494623655,0.00023655913978494624,0.14936827956989246,0.0,0.0,0.0,0.0,0.0,0.0,0.0,0.0,0.0,5.376344086021505e-06,0.00025268817204301074,0.0021747311827956988,0.00012634408602150537,9.408602150537634e-05,0.0,0.0,0.0,0.0,0.0,0.0,0.0008360215053763441,0.006473118279569892,0.07404569892473119,0.0,0.0,0.0,0.0,0.0,0.0,0.0,0.0,0.0,0.0,0.0011586021505376343,8.064516129032258e-06,2.150537634408602e-05,0.0003306451612903226,0.0,0.0,0.0,0.0,0.0,0.0,0.00029032258064516127,0.0037526881720430106,0.04611021505376344,0.0028064516129032257,0.013793010752688172,0.10772849462365591,0.025131720430107526,0.029368279569892474,0.012588709677419355,0.01411021505376344,0.0007123655913978495,0.06911021505376344,0.0,0.0,0.0,0.0,0.0,0.0,0.0,9.946236559139784e-05,0.0,0.07047849462365591,0.0001774193548387097,0.021155913978494624,0.06868010752688172,0.06026075268817204,0.03327150537634409,0.027419354838709678,0.0,0.0,0.0,0.0,0.0,0.0,0.0,0.00010752688172043011,0.0,0.0003225806451612903,0.0008575268817204301,0.05588709677419355,0.0,0.00012634408602150537,0.010795698924731183,0.0,0.0,0.0,0.0,0.0,0.0,0.0,0.0,0.0,0.0,0.0,0.0,0.0034973118279569893,0.003959677419354839,2.6881720430107525e-06,0.017478494623655912,0.010405913978494623,6.451612903225807e-05,0.0,0.0,0.0,0.0,0.0,0.0,4.56989247311828e-05,0.0,0.0,0.0,0.0,0.0,0.0,0.0,0.0,0.0,0.0,0.0,0.0,0.0,0.0,0.0,0.0,0.0,0.0,0.0,0.0,0.0,0.0,0.0,0.0,0.0,0.0,0.0,0.0,0.0,0.0,0.0,0.0,0.0,0.0,0.0,0.0,0.0,0.0,0.0,0.0,0.0,0.0,0.0,0.0,0.0,0.0,0.0,0.0,0.0,0.0,0.0,0.0,0.0,0.0,0.0,0.0,0.0,0.0,0.0,0.0,0.0,0.0,0.0,0.0,0.0,0.0,0.0,4.838709677419355e-05,0.0012311827956989247,0.0,0.0,0.0,0.0,0.0,0.0,0.0,0.0,0.0,0.0,0.0,0.004779569892473118,0.0,0.0,0.0,0.0,0.0,0.0,0.0,0.0,0.0,0.0,2.150537634408602e-05,0.0,0.0,0.0,0.0,0.0,0.0,0.0,0.0,0.0,0.0,0.0,0.0,0.00038978494623655917,5.376344086021505e-06,0.0,0.0,0.0,0.00020430107526881721,0.016653225806451614,0.003502688172043011,2.150537634408602e-05,0.0001881720430107527,0.0,0.0,0.0,0.0,0.0,0.0,0.0,0.0,0.0,0.0,0.0,0.0,0.0,0.0,0.0,0.0,0.0,0.0,0.0,0.0,0.0,0.0,0.0,0.0,0.0,0.0,0.0,0.0,0.0011559139784946236,0.002672043010752688,2.956989247311828e-05,0.018946236559139785
0.0,0.0,0.0,0.0,0.0,0.0,0.0,0.0012518037518037517,0.0,0.0068001443001443,0.0,0.0,0.0,0.0,0.0,0.0,0.0,7.215007215007215e-06,0.0,7.215007215007215e-06,2.886002886002886e-05,5.0505050505050505e-05,3.246753246753247e-05,0.0002344877344877345,0.0,0.0,0.0,0.0,0.0,0.0,0.0,0.00015512265512265512,0.005306637806637806,0.0,0.0,0.0,0.0,0.0,0.0,0.0,0.0,0.0,0.0,7.215007215007215e-05,5.772005772005772e-05,3.246753246753247e-05,4.329004329004329e-05,0.0,0.0,0.0,0.0,0.0,0.0,0.00021645021645021645,0.0008369408369408369,0.028152958152958152,0.0016702741702741702,0.015331890331890332,0.09554112554112554,0.017384559884559884,0.03872294372294372,0.028445165945165943,0.02002164502164502,0.00021645021645021645,0.1653174603174603,0.0,0.0,0.0,0.0,0.0,0.0,0.0,0.0,7.215007215007215e-05,0.08915223665223665,9.37950937950938e-05,0.035472582972582975,0.139505772005772,0.012918470418470418,0.08485930735930736,0.04702380952380952,0.0,0.0,0.0,0.0,0.0,0.0,5.0505050505050505e-05,0.0,0.0,0.001525974025974026,0.0,0.012673160173160173,7.215007215007215e-06,0.022546897546897548,0.05919191919191919,0.0,0.0,0.0,0.0,0.0,0.0,0.0,0.0,0.0,1.0822510822510823e-05,0.0,1.8037518037518038e-05,0.0018362193362193363,0.019931457431457432,0.0,0.012413419913419913,0.008834776334776334,0.0001911976911976912,0.0,0.0,0.0,0.0,0.0,0.0,0.0,0.0,0.0,0.0,0.0,0.0,0.0,0.0,0.0,0.0,0.0,0.0,0.0,0.0,0.0,0.0,0.0,0.0,0.0,0.0,0.0,0.0,0.0,0.0,0.0,0.0,0.0,0.0,0.0,0.0,0.0,0.0,0.0,0.0,0.0,0.0,0.0,0.0,0.0,0.0,0.0,0.0,0.0,0.0,0.0,0.0,0.0,0.0,0.0,0.0,0.0,0.0,0.0,0.0,0.0,0.0,0.0,0.0,0.0,0.0,0.0,0.0,0.0,0.0,0.0,0.0,0.0,0.0,0.0,0.0,0.0,0.0,0.0,0.0,0.0,0.0,0.0,0.0,0.0,0.0,0.0,0.0,0.0,0.0,0.0,0.0,0.0,0.0,0.0,0.0,0.0,0.0,0.0,0.0,0.0,0.0,0.0,0.0,0.0,0.0,0.0,0.0,0.0,0.0,0.0,0.0,3.6075036075036075e-06,0.0,0.0,0.0,0.0,0.0,1.0822510822510823e-05,1.0822510822510823e-05,9.018759018759019e-05,0.0,0.0,0.0,0.0,0.0,0.0,0.0,0.0,0.0,0.0,0.0,0.0,0.0,0.0,0.0,0.0,0.0,0.0,0.0,0.0,0.0,0.0,0.0,0.0,0.0,0.0,0.0,0.0,0.0005880230880230881,1.0822510822510823e-05,7.215007215007215e-06,0.02501082251082251
0.0,0.0,0.0,0.0,0.0,0.0,0.0,0.00036492374727668846,0.0,0.07398692810457516,0.0,0.0,0.0,0.0,0.0,0.0,0.0,0.0,0.0,2.7233115468409585e-05,2.1786492374727668e-05,0.0001633986928104575,5.446623093681917e-05,0.0,0.0,0.0,0.0,0.0,0.0,0.0,0.0,0.00525599128540305,0.010713507625272331,0.0,0.0,0.0,0.0,0.0,0.0,0.0,0.0,0.0,0.0,7.625272331154683e-05,0.0,0.0,1.6339869281045753e-05,0.0,0.0,0.0,0.0,0.0,0.0,0.0,0.0,0.010059912854030502,8.714596949891067e-05,0.040326797385620915,0.05043028322440087,0.0020806100217864924,0.0384041394335512,0.0022331154684095862,0.14495098039215687,1.0893246187363834e-05,0.042625272331154686,0.0,0.0,0.0,0.0,0.0,0.0,0.0,0.0,0.0,0.03917211328976035,0.0,0.03728758169934641,0.15803921568627452,0.01488562091503268,0.1494880174291939,0.02172657952069717,0.0,0.0,0.0,0.0,0.0,0.0,0.0,0.0,0.0,2.7233115468409585e-05,0.0,0.00369281045751634,0.0,0.0001633986928104575,0.05031045751633987,0.0,0.0,0.0,0.0,0.0,0.0,0.0,0.0,0.0,0.0,0.0,1.0893246187363834e-05,5.446623093681917e-06,0.009237472766884532,0.0,0.016966230936819173,0.0010947712418300653,4.901960784313725e-05,0.0,0.0,0.0,0.0,0.0,0.0,0.0,0.0,0.0,0.0,0.0,0.0,0.0,0.0,0.0,0.0,0.0,0.0,0.0,0.0,0.0,0.0,0.0,0.0,0.0,0.0,0.0,0.0,0.0,0.0,0.0,0.0,0.0,0.0,0.0002941176470588235,0.0,0.0,0.0,0.0,0.0,0.0,0.0,0.0,0.0,0.0,0.0,0.0,0.0,0.0,0.0,0.0,0.0,0.0,0.0,0.0,0.0,0.0,0.0,0.0,0.0,0.0,0.0,0.0,0.0,0.0,0.0,0.0,0.0,0.0,0.0,0.0,0.0,0.0,0.0,0.0,1.0893246187363834e-05,5.446623093681917e-06,0.0,0.0,0.0,0.0,0.0,0.0,0.0,0.0,0.0,0.0,0.0,0.0,0.0,0.0,0.0,0.0,0.0,0.0,0.0,0.0,0.0,0.0,0.0,0.0,0.0,0.0,0.0,0.0,0.0,0.0,0.0,0.0,0.0,0.0,0.0,5.446623093681917e-06,1.0893246187363834e-05,0.0,0.0,0.0,1.0893246187363834e-05,0.00023420479302832244,5.446623093681917e-06,0.0,0.0,0.0,0.0,0.0,0.0,0.0,0.0,0.0,0.0,0.0,0.0,0.0,0.0,0.0,0.0,0.0,0.0,0.0,0.0,0.0,0.0,0.0,0.0,0.0,0.0,0.0,0.0,0.0,0.05268518518518518,0.005757080610021787,0.0,0.01693355119825708
0.0,0.0,0.0,0.0,0.0,0.0,0.0,0.0,0.0,0.0,0.0,0.0,0.0,0.0,0.0,0.0,0.0,0.0,0.0,0.0,0.0,0.0,5.175983436853002e-06,2.0703933747412007e-05,0.0,0.0,0.0,0.0,0.0,0.0,0.0,0.0,0.0,0.0,0.0,0.0,0.0,0.0,0.0,0.0,0.0,0.0,0.0,0.0,0.0,0.0,0.0,0.0,0.0,0.0,0.0,0.0,0.0,0.0,0.0,0.0,0.0,0.0064130434782608695,0.0016407867494824017,0.023478260869565216,0.04017080745341615,0.08017080745341615,0.011273291925465839,0.0002846790890269151,0.3367132505175983,0.0,0.0,0.0,0.0,0.0,0.0,0.0,0.0,0.0,0.00018633540372670808,0.0,0.0009006211180124223,0.020750517598343687,0.0004451345755693582,0.17190993788819875,0.025507246376811593,0.0,0.0,0.0,0.0,0.0,0.0,0.0,0.0,0.0,0.0,0.0,0.0,0.0,0.0,0.07245341614906832,0.0,0.0,0.0,0.0,0.0,0.0,0.0,0.0,0.0,0.0,0.0,1.5527950310559007e-05,0.0007505175983436853,0.01907349896480331,0.006599378881987578,0.0255175983436853,0.0032763975155279505,0.02651656314699793,0.0,0.0,0.0,0.0,0.0,0.0,0.0,0.0,0.0,0.0,0.0,0.0,0.0,0.0,0.0,0.0,0.0,0.0,0.0,0.0,0.0,0.0,0.0,0.0,0.0,0.0,0.0,0.0,0.0,0.0,0.0,0.0,0.0,0.0,0.0,0.0,0.0,0.0,0.0,0.0,0.0,0.0,0.0,0.0,0.0,0.0,0.0,0.0,0.0,0.0,0.0,0.0,0.0,0.0,0.0,0.0,0.0,0.0,0.0,0.0,0.0,0.0,0.0,0.0,0.0,0.0,0.0,0.0,0.0,0.0,0.0,0.0,0.0,0.0,0.0,0.0,0.0,0.0,0.0,0.0,0.0,0.0,0.0,0.0,0.0,0.0,0.0,0.0,0.0,0.0,0.0,0.0,0.0,0.0,0.0,0.0,0.0,0.0,0.0,0.0,0.0,0.0,0.0,0.0,0.0,0.0,0.0,0.0,0.0,0.0,0.0,0.0,0.0,0.0,0.0,0.0,0.0,0.0,0.0,0.0,0.0002484472049689441,0.0,0.0,0.0,0.0,0.0,0.0,0.0,0.0,0.0,0.0,0.0,0.0,0.0,0.0,0.0,0.0,0.0,0.0,0.0,0.0,0.0,0.0,0.0,0.0,0.0,0.0,0.0,0.0,0.0,0.0,0.0,0.12567805383022773
0.0,0.0,0.0,0.0,0.0,0.0,1.2658227848101267e-05,0.0028649789029535867,0.0,0.0290126582278481,0.0,0.0,0.0,0.0,0.0,0.0,0.0,0.0,4.219409282700422e-06,0.015805907172995782,0.0007172995780590718,0.0020928270042194093,0.003118143459915612,0.0006582278481012658,0.0,0.0,0.0,0.0,0.0,0.0,6.329113924050633e-05,0.0014852320675105485,0.00020253164556962027,0.0,0.0,0.0,0.0,0.0,0.0,0.0,0.0,0.0,3.79746835443038e-05,0.001430379746835443,4.219409282700422e-06,0.06127426160337553,0.030434599156118142,0.0,0.0,0.0,0.0,0.0,0.0,0.0,0.0,0.04761603375527426,3.79746835443038e-05,0.06256962025316455,0.07843459915611814,0.019924050632911392,0.049738396624472575,0.006122362869198312,0.0759831223628692,0.00028270042194092826,0.020814345991561182,0.0,0.0,0.0,0.0,0.0,0.0,0.0,0.0,0.0,0.0289831223628692,0.0,0.05956118143459915,0.07854852320675106,0.000890295358649789,0.08738818565400844,0.02940506329113924,0.0,0.0,0.0,0.0,0.0,0.0,0.0,0.0,0.0,0.0,0.0,9.282700421940928e-05,0.0,4.219409282700422e-06,0.00829113924050633,0.0,0.0,0.0,0.0,0.0,0.0,0.0,0.0,0.0,0.0,0.0,0.00010970464135021097,0.008637130801687763,0.02878059071729958,0.0,0.00889873417721519,0.0018438818565400844,8.438818565400844e-06,0.0,0.0,0.0,0.0,0.0,0.0,0.0,0.0,0.0,0.0,0.0,0.0,0.0,0.0,0.0,0.0,0.0,0.0,0.0,0.0,0.0,0.0,0.0,0.0,0.0,0.0,0.0,0.0,0.0,0.0,0.0,0.0,0.0,0.0,1.2658227848101267e-05,0.0,0.0,0.0,0.0,0.0,0.0,0.0,0.0,0.0,0.0,0.0,0.0,0.0,0.0,0.0,0.0,0.0,0.0,0.0,0.0,0.0,0.0,0.0,0.0,0.0,0.0,0.0,0.0,0.0,0.0,0.0,0.0,0.0,0.0,0.0,0.0,0.0,0.0,0.0,0.0,0.0,0.0,0.0,0.0,0.0,0.0,0.0,0.0,0.0,0.0,0.0,0.0,0.0,0.0,0.0,0.0,0.0,0.0,0.0,0.0,0.0,0.0,0.0,0.0,0.0,0.0,0.0,0.0,0.0,0.0,0.0,0.0,0.0,0.0,0.0,0.0,0.0,0.0,0.0,0.0,0.0,0.0,0.006303797468354431,0.012763713080168776,0.00016033755274261603,3.3755274261603375e-05,0.0,0.0,0.0,0.0,0.0,0.0,0.0,0.0,0.0,0.0,0.0,0.0,0.0,0.0,0.0,0.0,0.0,0.0,0.0,0.0,0.0,0.0,0.0,0.0,0.0,0.0,0.0,0.0,0.06349367088607595,0.05173839662447258,4.219409282700422e-06,0.01330379746835443
0.0,0.0,0.0,0.0,0.0,0.0,0.0,0.0,0.0,0.0,0.0,0.0,0.0,0.0,0.0,0.0,0.0,0.0,0.0,0.0,7.619047619047618e-05,0.0,0.0002095238095238095,0.004180952380952381,0.0,0.0,0.0,0.0,0.0,0.0,0.0,0.0,0.0,0.0,0.0,0.0,0.0,0.0,0.0,0.0,0.0,0.0,0.0,4.761904761904762e-05,1.2698412698412699e-05,2.857142857142857e-05,2.2222222222222223e-05,0.0,0.0,0.0,0.0,0.0,0.0,0.0,0.0,6.0317460317460316e-05,0.0,0.0038698412698412697,0.024412698412698414,0.013425396825396825,0.03650476190476191,0.10608571428571428,0.09097460317460318,0.003993650793650794,0.2898603174603175,0.0,0.0,0.0,0.0,0.0,0.0,0.0,0.0,0.0,5.396825396825397e-05,0.0,0.00046349206349206347,0.07107301587301587,0.004066666666666666,0.07285396825396825,0.05194920634920635,0.0,0.0,0.0,0.0,0.0,0.0,0.0,0.0,0.0,9.523809523809523e-06,0.0,0.0,0.0,0.0,0.09155873015873016,0.0,0.0,0.0,0.0,0.0,0.0,0.0,0.0,0.0,0.0,0.0,6.349206349206349e-06,0.0012825396825396826,0.00840952380952381,1.5873015873015872e-05,0.024733333333333333,0.011047619047619047,0.0017682539682539683,0.0,0.0,0.0,0.0,0.0,0.0,0.0,0.0,0.0,0.0,0.0,0.0,0.0,0.0,0.0,0.0,0.0,0.0,0.0,0.0,0.0,0.0,0.0,0.0,0.0,0.0,0.0,0.0,0.0,0.0,0.0,0.0,0.0,0.0,0.0,0.0,0.0,0.0,0.0,0.0,0.0,0.0,3.1746031746031746e-06,0.0,0.0,0.0,0.0,0.0,0.0,0.0,0.0,0.0,0.0,0.0,0.0,0.0,0.0,0.0,0.0,0.0,0.0,0.0,0.0,0.0,0.0,0.0,0.0,0.0,0.0,0.0,0.0,0.0,0.0,0.0,0.0,0.0,0.0,0.0,0.0,0.0,0.0,0.0,0.0,0.0,0.0,0.0,0.0,0.0,0.0,0.0,0.0,0.0,0.0,0.0,0.0,0.0,0.0,0.0,0.0,0.0,0.0,0.0,0.0,0.0,0.0,0.0,0.0,0.0,0.0,0.0,0.0,0.0,0.0,0.0,0.0,0.0,0.0,0.0,0.0,0.0,0.0074571428571428575,0.0,0.0,0.0,0.0,0.0,0.0,0.0,0.0,0.0,0.0,0.0,0.0,0.0,0.0,0.0,0.0,0.0,0.0,0.0,0.0,0.0,0.0,0.0,0.0,0.0,0.0,0.0,0.0,0.0,9.523809523809523e-06,1.9047619047619046e-05,0.07945396825396825
0.0,0.0,0.0,0.0,0.0,0.0,0.0,0.0,0.0,0.0001791277258566978,0.0,0.0,0.0,0.0,0.0,0.0,0.0,0.0,0.0,3.504672897196262e-05,0.01102803738317757,6.230529595015576e-05,4.283489096573209e-05,0.0007009345794392523,0.0,0.0,0.0,0.0,0.0,0.0,0.0,0.0001207165109034268,0.014898753894080997,0.0,0.0,0.0,0.0,0.0,0.0,0.0,0.0,0.0,0.0,0.010848909657320872,0.0,0.0007904984423676013,0.016327881619937694,0.0,0.0,0.0,0.0,0.0,0.0,0.0,0.0,0.037172897196261684,0.0,0.022570093457943925,0.1048714953271028,0.005109034267912773,0.08024922118380062,0.04587227414330218,0.0821690031152648,3.894080996884735e-06,0.18201323987538942,0.0,0.0,0.0,0.0,0.0,0.0,0.0,0.0,0.0,0.0027531152647975077,0.0,0.0002764797507788162,0.05069704049844237,0.020109034267912773,0.11501947040498442,0.08766744548286605,0.0,0.0,0.0,0.0,0.0,0.0,0.0,0.0,0.0,0.0,0.0,0.0002102803738317757,0.0,0.0,0.014501557632398753,0.0,0.0,0.0,0.0,0.0,0.0,0.0,0.0,0.0,0.0,0.0,7.78816199376947e-06,1.1682242990654205e-05,0.0003621495327102804,3.894080996884735e-06,0.02940031152647975,0.0013006230529595015,5.062305295950156e-05,0.0,0.0,0.0,0.0,0.0,0.0,0.0,0.0,0.0,0.0,0.0,0.0,0.0,0.0,0.0,0.0,0.0,0.0,0.0,0.0,0.0,0.0,0.0,0.0,0.0,0.0,0.0,0.0,0.0,0.0,0.0,0.0,0.0,0.0,0.0,0.0,0.0,0.0,0.0,0.0,0.0,0.0,0.0,0.0,0.0,0.0,0.0,0.0,0.0,0.0,0.0,0.0,0.0,0.0,0.0,0.0,0.0,0.0,0.0,0.0,0.0,0.0,0.0,0.0,0.0,0.0,0.0,0.0,0.0,0.0,0.0,0.0,0.0,0.0,0.0,0.0,0.0,0.0,0.0,0.0,0.0,0.0,0.0,0.0,0.0,0.0,0.0,0.0,0.0,0.0,0.0,0.0,0.0,0.0,0.0,0.0,0.0,0.0,0.0,0.0,0.0,0.0,0.0,0.0,0.0,0.0,0.0,0.0,0.0,0.0,0.0,0.0,0.0,0.0,0.0,0.0,0.0,0.0,0.0,0.0,0.0009306853582554517,0.0,0.0,0.0,0.0,0.0,0.0,0.0,0.0,0.0,0.0,0.0,0.0,0.0,0.0,0.0,0.0,0.0,0.0,0.0,0.0,0.0,0.0,0.0,0.0,0.0,0.0,0.0,0.0,0.0,0.0,0.0,0.061631619937694705
0.0,0.0,0.0,0.0,0.0,0.0,1.3253810470510272e-05,9.940357852882704e-06,8.946322067594434e-05,8.614976805831677e-05,0.0,0.0,0.0,0.0,0.0,0.0,0.0,0.0,0.0,2.6507620941020545e-05,0.00017229953611663353,5.9642147117296226e-05,6.295559973492379e-05,0.0,0.0,0.0,0.0,0.0,0.0,0.0,0.0,0.0,6.626905235255136e-06,0.0,0.0,0.0,0.0,0.0,0.0,0.0,0.0,0.0,0.0,1.656726308813784e-05,0.0,0.0,3.6447978793903247e-05,0.0,0.0,0.0,0.0,0.0,0.0,0.0,0.0,0.0,0.0,0.0003711066931742876,0.01750497017892644,0.00011265738899933732,0.0004870775347912525,0.0010868124585818424,0.02327037773359841,2.3194168323392976e-05,0.06568588469184891,0.0,0.0,0.0,0.0,0.0,0.0,0.0,0.0,0.0,0.02189198144466534,0.0,0.04104373757455269,0.018180914512922464,9.940357852882704e-06,0.04657388999337309,0.0007123923127899272,0.0,0.0,0.0,0.0,0.0,0.0,0.0,0.0,0.0,0.00030152418820410866,0.0,1.3253810470510272e-05,0.0,0.008962889330682572,0.01021868787276342,0.0,0.0,0.0,0.0,0.0,0.0,0.0,0.0,0.0,0.0,3.9761431411530815e-05,0.016776010603048376,0.09497349237905899,0.012700463883366467,0.0,0.22805831676607025,6.958250497017892e-05,3.313452617627568e-05,0.0,0.0,0.0,0.0,0.0,0.0,0.0,3.9761431411530815e-05,0.0,0.0,0.0,0.0,0.0,0.0,0.0,0.0,0.0,0.0,0.0,0.0,0.0,0.0,0.0,0.0,0.0,0.0,0.0,0.0,0.0,0.0,0.0,0.0,0.0,0.0,0.041325381047051024,0.00020212060967528164,0.0,0.0,0.0,0.0,0.0035487077534791253,0.0,0.0,0.0,0.0,0.0,0.0,0.0,0.0,0.0,0.0,0.0,0.0,0.0,0.0,0.0,0.0,0.0,0.0,0.0,0.0,0.0,0.0,0.0,0.0,0.0,0.0,0.0,0.0,2.9821073558648113e-05,0.08521868787276342,0.0,0.0,0.0,0.01083167660702452,0.03216699801192843,0.01045062955599735,0.0004771371769383698,0.0,0.0,0.0,0.0,0.0,0.0,0.0,0.0,0.0,9.940357852882704e-06,0.0,0.0,0.0,0.0,0.0,0.0,0.0,0.0,0.0,0.0,0.0,0.0,0.0,0.0,0.0,0.0,0.0,0.0,0.0,0.0,0.0,0.0,0.0,6.958250497017892e-05,0.0,0.0,0.0,0.0,0.019797879390324718,0.001272365805168986,0.007594433399602385,0.0,0.0,0.0,0.0,0.0,0.0,0.0,0.0,0.0,0.0,0.0,0.0,0.0,0.0,0.0,0.0,0.0,0.0,0.0,0.0,0.0,0.0,0.0,0.0,0.0,0.0,0.0,0.0,0.0,0.0,0.09911530815109344,0.072740225314778,0.0013220675944333995,0.0
0.0,0.0,0.0,0.0,0.0,0.0,0.0,0.0,0.0,0.0,0.0,0.0,0.0,0.0,0.0,0.0,0.0,0.0,0.0,0.0,0.0,0.0,0.0,0.0,0.0,0.0,0.0,0.0,0.0,0.0,0.047942176870748296,1.7006802721088435e-05,0.006901360544217687,0.0,0.0,0.0,0.0,0.0,0.0,0.0,0.0,3.4013605442176872e-06,0.0,0.0,6.8027210884353745e-06,1.3605442176870749e-05,0.0,0.0,0.0,0.0,0.0,3.061224489795918e-05,0.00042857142857142855,0.004095238095238095,0.0013639455782312926,0.008370748299319728,0.03542857142857143,0.06382312925170068,0.0035034013605442175,0.000554421768707483,0.002465986394557823,0.0,0.0,0.0,0.00045238095238095237,0.0,0.0,0.0,0.0,0.0020272108843537415,2.7210884353741498e-05,0.004309523809523809,0.07493537414965987,0.0004217687074829932,0.1619047619047619,0.123078231292517,0.21144897959183673,0.11291496598639456,0.002074829931972789,0.0023843537414965986,0.001554421768707483,0.0,0.0,0.0,0.0,0.0,0.003183673469387755,0.0007142857142857143,0.0,0.04930272108843537,0.030908163265306123,0.0002074829931972789,5.102040816326531e-05,2.0408163265306123e-05,0.018068027210884352,0.020299319727891157,0.0,0.0,0.0,0.0,0.0,0.0,0.0,0.0,0.0,3.4013605442176872e-06,0.0,0.002272108843537415,6.802721088435374e-05,0.0020306122448979593,1.0204081632653061e-05,4.0816326530612245e-05,0.0,0.000336734693877551,0.0,0.0,0.0,0.0,0.0,0.0,0.0,0.0,0.0,0.0,0.0,0.0,0.0,0.0,0.0,0.0,0.0,0.0,0.0,0.0,0.0,0.0,0.0,0.0,0.0,0.0,0.0,0.0,0.0,0.0,0.0,0.0,0.0,0.0,0.0,0.0,0.0,0.0,0.0,0.0,0.0,0.0,0.0,0.0,0.0,0.0,0.0,0.0,0.0,0.0,0.0,0.0,0.0,0.0,0.0,0.0,0.0,0.0,0.0,0.0,0.0,0.0,0.0,0.0,0.0,0.0,0.0,0.0,0.0,0.0,0.0,0.0,0.0,0.0,0.0,0.0,0.0,0.0,0.0,0.0,0.0,0.0,0.0,0.0,0.0,0.0,0.0,0.0,0.0,0.0,0.0,0.0,0.0,0.0,0.0,0.0,0.0,0.0,0.0,0.0,0.0,0.0,0.0,0.0,0.0,0.0,0.0,0.0,0.0,0.0,0.0,0.0,0.0,0.0,0.0,0.0,0.0,0.0,0.0,0.0,0.0,0.0,0.0,0.0,0.0,0.0,0.0,0.0,0.0,0.0,0.0,0.0,0.0,0.0,0.0,0.0,0.0,0.0,0.0,0.0,0.0,0.0,0.0,0.0,0.0,0.0,0.0,0.0,0.0,0.0,0.0,0.0,0.0
0.0,0.0,0.0,7.911392405063292e-06,3.691983122362869e-05,5.5379746835443036e-05,0.013209388185654009,6.592827004219409e-05,0.012919303797468355,0.01551951476793249,0.0,0.0,0.0,0.0,0.0,0.01786392405063291,0.0,0.00011603375527426161,0.013633966244725739,0.022534282700421942,0.006888185654008439,1.0548523206751054e-05,0.0011550632911392405,0.0007885021097046414,0.0,0.0,0.0,1.0548523206751054e-05,7.911392405063292e-06,2.109704641350211e-05,0.0011234177215189874,0.00012921940928270042,0.005058016877637131,0.0,0.0,0.0,0.0,0.0,0.0,0.0,0.0002927215189873418,0.002513185654008439,0.12246571729957806,0.09581751054852321,0.0002979957805907173,0.043900316455696205,0.00823048523206751,0.0,0.0,0.0,0.0,0.0,0.0,0.0,0.0,0.020833333333333332,0.00020569620253164557,0.028837025316455697,0.06973101265822784,0.0035443037974683543,0.00842035864978903,0.0036867088607594935,0.0003586497890295359,0.0034546413502109705,0.006690400843881857,0.0,0.0,0.0,0.0,0.0,0.0,0.0,0.0,0.0,0.00023206751054852322,0.0,0.0029298523206751055,0.005564345991561181,0.021031118143459916,0.023378164556962025,0.00770042194092827,0.0,0.0,0.0,0.0,0.0,0.0,0.0,0.0,0.0,0.001015295358649789,0.0,0.15665348101265822,0.0,0.0,0.001305379746835443,0.0,0.0,0.0,0.0,0.0,0.0,0.0,0.0,0.0,0.0,0.0,0.0009546413502109705,0.01106012658227848,0.026867088607594937,0.0152584388185654,0.0372837552742616,0.008008966244725739,0.020503691983122362,0.0,0.0,0.0,0.0,0.0,0.0,0.0,0.029359177215189873,0.0,0.0,0.0,0.0,0.004414556962025316,0.005187236286919831,0.0,0.0,0.0,0.0,0.0,0.0,0.0,0.00025316455696202533,0.0,0.0,0.0,0.0,0.0,0.0,0.0,0.0002399789029535865,0.0,0.0,0.0,0.0,0.03300896624472574,0.021727320675105487,0.005203059071729957,0.0,0.0,0.008380801687763713,0.014886603375527427,0.003779008438818565,0.0,0.0,0.0,0.0,0.0,0.0,0.0,0.0,0.0,0.0,0.0,0.0,0.0,0.0,0.0,0.0,0.0,0.0,0.0,0.0,0.0,0.0,0.0,0.0,0.0,0.0,0.0,0.0,0.0,0.0,0.0,0.0,0.0,0.0,0.0,0.0,0.0,0.0,0.0,0.0,0.0,0.0,0.0,0.0,0.0,0.0,0.0,0.0,0.0,0.0,0.0,0.0,0.0,0.0,0.0,0.0,0.0,0.0,0.0,0.0,0.0,0.0,0.0,0.0,0.0,0.0,0.0,0.0,0.0,0.0,0.0,0.0,0.0,0.00016086497890295358,0.0,0.0,0.0,0.0,4.7468354430379746e-05,0.0,0.0,0.0,0.0,0.0,0.0,0.0,0.0,0.0,0.0,0.0,0.0,0.0,0.0,0.0,0.0,0.0,0.0,0.0,0.0,0.0,0.0,0.0,6.856540084388186e-05,0.0,0.0,0.0,0.0,0.0028560126582278483,0.0,0.00024261603375527426,2.6371308016877636e-06
0.0,0.0,0.0,0.0,0.0,0.0,0.0,2.86368843069874e-05,0.0003035509736540664,4.581901489117984e-05,0.0,0.0,0.0,0.0,0.0,0.0,0.0,0.0,0.0,6.872852233676975e-05,2.86368843069874e-05,0.00038946162657502864,0.0002004581901489118,0.0,0.0,0.0,0.0,0.0,0.0,0.0,5.72737686139748e-06,1.718213058419244e-05,0.0,0.0,0.0,0.0,0.0,0.0,0.0,0.0,0.0,0.0,0.0,7.445589919816724e-05,2.86368843069874e-05,0.0002290950744558992,0.003127147766323024,0.0,0.0,0.0,0.0,0.0,0.0,0.0,5.154639175257732e-05,0.004100801832760596,5.72737686139748e-06,0.0013688430698739977,0.05017754868270332,0.0003436426116838488,0.0025143184421534937,0.008991981672394043,0.0023195876288659794,0.0001374570446735395,0.030601374570446736,0.0,0.0,0.0,0.0,0.0,0.0,0.0,0.0,0.0,0.000286368843069874,0.0,0.0008648339060710195,0.08959908361970217,0.00022336769759450173,0.008928980526918671,0.010567010309278351,0.0,0.0,0.0,0.0,0.0,0.0,0.0,0.0,0.0,4.009163802978236e-05,2.86368843069874e-05,0.000143184421534937,0.0,0.0,0.0602176403207331,0.0,0.0,0.0,0.0,0.0,0.0,0.0,0.0,0.0,0.0,5.72737686139748e-06,0.006323024054982818,0.03634020618556701,0.030830469644902634,0.06416953035509737,0.10260022909507445,0.026964490263459335,0.027153493699885452,0.0,0.0,0.0,0.0,0.0,0.0,0.0,0.017995418098510883,0.0,0.0,0.0,0.0,0.0445475372279496,0.00486254295532646,0.0,0.0,0.0,0.0,0.0,0.0,0.0,0.0,0.0,0.0,0.0,0.0,0.0,0.0,0.0,0.0,0.0,0.0,0.0,0.0,0.07798396334478809,0.05192439862542955,8.018327605956472e-05,0.0,0.000429553264604811,0.00046964490263459334,0.17893470790378008,0.0005670103092783505,1.718213058419244e-05,0.0,0.0,0.0,0.0,0.0,0.0,0.0,0.0,0.0,0.0,0.0,0.0,0.0,0.0,0.0,0.0,0.0,0.0,0.0,0.0,0.0,0.0,0.0,0.0,0.0,0.0,0.0,0.002193585337915235,0.0,1.145475372279496e-05,0.0,0.000286368843069874,0.0012027491408934709,0.007800687285223368,0.0,0.0,0.0,0.0,0.0,0.0,0.0,0.0,0.0,0.0,0.0,0.0,0.0,0.0,0.0,0.0,0.0,0.0,0.0,0.0,0.0,0.0,0.0,0.0,0.0,0.0,0.0,0.0,0.0,0.0,0.0,0.0,0.0,0.0,0.0,0.0,0.0,0.0,0.0,0.000572737686139748,1.145475372279496e-05,0.0007961053837342497,5.72737686139748e-06,0.0,0.0,0.0,0.0,0.0,0.0,0.0,0.0,0.0,0.0,0.0,0.0,0.0,0.0,0.0,0.0,0.0,0.0,0.0,0.0,0.0,0.0,0.0,0.0,0.0,0.0,0.0,0.0,0.0,0.006884306987399771,0.030687285223367698,0.00021191294387170676,4.009163802978236e-05
0.0,0.0,0.0,0.0,0.0,0.0,6.41025641025641e-05,0.0,0.02080769230769231,0.0015833333333333333,0.0,0.0,0.0,0.0,0.0,0.0,0.0,0.0,0.0,0.0,0.0008461538461538462,0.0,3.205128205128205e-06,0.0001826923076923077,0.0,0.0,0.0,0.0,0.0,0.0,0.0076474358974358975,3.5256410256410254e-05,0.0005416666666666666,0.0,0.0,0.0,0.0,0.0,0.0,0.0,0.0,0.0,0.0,0.0007916666666666666,0.0,0.0,5.448717948717949e-05,0.0,0.0,0.0,0.0,0.0,0.0,0.0,0.0,0.010955128205128206,0.0003108974358974359,0.034237179487179484,0.04389423076923077,0.01066025641025641,0.002192307692307692,0.0001858974358974359,0.005458333333333333,1.6025641025641026e-05,0.02207051282051282,0.0,0.0,0.0,0.0,0.0,0.0,0.0,0.0,0.0,0.1568397435897436,9.615384615384616e-06,0.13374038461538462,0.1986025641025641,0.013185897435897436,0.056506410256410254,0.0018012820512820513,0.0,0.0,0.0,0.0,0.0,0.0,0.0,0.0,0.00015705128205128205,0.006163461538461539,0.02691346153846154,0.04007692307692308,0.0,0.031025641025641027,0.01949679487179487,0.0,0.0,0.0,0.0,0.0,0.0,0.0,0.0,0.00014102564102564101,0.0008461538461538462,0.0013782051282051281,0.007522435897435897,0.018022435897435896,0.01673076923076923,0.0031538461538461538,0.02535576923076923,0.006987179487179487,9.294871794871795e-05,0.0,0.0,0.0,0.0,0.0,0.0,3.205128205128205e-06,0.010743589743589743,0.0,0.0,0.0,0.0009358974358974359,0.006169871794871795,0.009641025641025642,0.0,0.0,0.0,0.0,0.0,0.0,0.0,0.0,0.0,0.0,0.0,0.0,0.0,0.0,0.0,0.0,0.0,0.0,0.0002788461538461538,0.0,0.002967948717948718,0.006557692307692308,0.007051282051282051,0.0,0.0,0.0026346153846153846,0.002907051282051282,7.371794871794872e-05,0.0,0.0,0.0,0.0,0.0,0.0,0.0,0.0,0.0,0.0,0.0,0.0,0.0,0.0,0.0,0.0,0.0,0.0,0.0,0.0,0.0,0.0,0.0,0.0,0.0,0.0,0.0,0.0,0.0,0.0,2.564102564102564e-05,0.0,0.0,2.564102564102564e-05,9.615384615384616e-06,0.0,0.0,0.0,0.0,0.0,0.0,0.0,0.0,0.0,0.0,0.0,0.0,0.0,0.0,0.0,0.0,0.0,0.0,0.0,0.0,0.0,0.0,0.0,0.0,0.0,0.0,0.0,0.0,0.0,0.0,0.0,0.0,0.0,0.0,0.0,0.0,0.0,0.0,0.0,0.0,3.205128205128205e-06,0.0,3.205128205128205e-06,0.0001346153846153846,0.0,0.0,0.0,0.0,0.0,0.0,0.0,0.0,0.0,0.0,0.0,0.0,0.0,0.0,0.0,0.0,0.0,0.0,0.0,0.0,0.0,0.0,0.0,0.0,0.0,0.0,0.0,0.0,0.021810897435897435,0.00041346153846153844,2.2435897435897437e-05,0.0002948717948717949
0.0,0.0,0.0,0.0,0.0,0.0,0.0,0.0,0.0,0.0,0.0,0.0,0.0,0.0,0.0,0.0,0.0,0.0,0.0,0.0,0.0,0.0,0.0,0.0,0.0,0.0,0.0,0.0,0.0,0.0,7.868383404864092e-05,0.0,0.012167381974248928,0.0,0.0,0.0,0.0,0.0,0.0,0.0,0.0,0.0,0.0,0.0,0.0,0.0,0.0,0.0,0.0,0.0,0.0,0.0,0.0,0.00040772532188841203,0.0032260371959942774,0.007407010014306151,0.00033977110157367666,0.008751788268955651,0.00178826895565093,0.0028433476394849784,0.012238912732474964,0.00046137339055793994,0.0,0.0,0.0,0.0,0.0,0.0,0.0,0.0,0.0,1.78826895565093e-05,5.0071530758226034e-05,0.003243919885550787,0.07742846924177396,6.795422031473533e-05,0.11401287553648069,0.10709227467811158,0.031165951359084405,0.046677396280400574,0.0027861230329041487,0.0,0.0,0.0,0.0,0.0,0.001301859799713877,0.0030722460658082974,0.0,0.026895565092989987,0.06484620886981401,7.868383404864092e-05,0.012771816881258941,7.510729613733905e-05,0.06714592274678112,0.01698140200286123,0.0,0.0,0.0,0.0,0.0,0.0,5.0071530758226034e-05,0.0,0.010629470672389127,0.0034012875536480686,0.004188125894134477,0.024706723891273246,0.32468884120171676,0.006562947067238913,0.0,0.0,0.00035050071530758227,0.0,0.0,0.0,0.0,0.0,0.0,0.0,0.0,0.0,0.0,0.0,0.0,0.0,0.0,0.0,0.0,0.0,0.0,0.0,0.0,0.0,0.0,0.0,0.0,0.0,0.0,0.0,0.0,0.0,0.0,0.0,0.0,0.0,0.0,0.0,0.0,0.0,0.0,0.0,0.0,0.0,0.0,0.0,0.0,0.0,0.0,0.0,0.0,0.0,0.0,0.0,0.0,0.0,0.0,0.0,0.0,0.0,0.0,0.0,0.0,0.0,0.0,0.0,0.0,0.0,0.0,0.0,0.0,0.0,0.0,0.0,0.0,0.0,0.0,0.0,0.0,0.0,0.0,0.0,0.0,0.0,0.0,0.0,0.0,0.0,0.0,0.0,0.0,0.0,0.0,0.0,0.0,0.0,0.0,0.0,0.0,0.0,0.0,0.0,0.0,0.0,0.0,0.0,0.0,0.0,0.0,0.0,0.0,0.0,0.0,0.0,0.0,0.0,0.0,0.0,0.0,0.0,0.0,0.0,0.0,0.0,0.0,0.0,0.0,0.0,0.0,0.0,0.0,0.0,0.0,0.0,0.0,0.0,0.0,0.0,0.0,0.0,0.0,0.0,0.0,0.0,0.0,0.0,0.0,0.0,0.0,0.0,0.0,0.0,0.0,0.0,0.0,0.0,0.0
0.0,0.0,0.0,0.0,0.0,0.0,0.0005568535825545172,0.001896417445482866,0.00010124610591900311,0.008890186915887851,0.0,0.0,0.0,0.0,0.0,0.0,0.0,0.0007554517133956387,0.00016744548286604362,0.00017523364485981307,9.345794392523364e-05,0.004855919003115265,0.0006853582554517134,0.00011292834890965732,0.0,0.0,0.0,0.0,0.0,0.0,0.00014797507788161994,0.0010085669781931465,0.0029750778816199377,0.0,0.0,0.0,0.0,0.0,3.894080996884735e-06,0.0,0.0,0.00031152647975077883,1.557632398753894e-05,0.0004088785046728972,0.0025077881619937695,0.0014797507788161994,0.0003777258566978193,0.0,0.0,0.0,0.0,0.0,0.0,0.0,0.023422897196261682,0.1708177570093458,0.001557632398753894,0.03140576323987539,0.03298676012461059,0.012683021806853583,0.009649532710280373,0.001573208722741433,0.09257009345794392,0.00044003115264797506,0.011588785046728972,0.0,0.0,0.0,0.0,0.0,0.0,3.504672897196262e-05,0.0,0.00024532710280373833,0.16508566978193145,0.0002102803738317757,0.028894080996884734,0.03352414330218068,0.033407320872274146,0.08302959501557633,0.0039797507788162,0.0,0.0,0.0,0.0,0.0,0.0,0.0020443925233644858,0.0,0.001074766355140187,0.005700934579439252,7.78816199376947e-06,0.014322429906542056,0.0011760124610591901,0.028325545171339565,0.011861370716510904,0.0,0.0,0.0,0.0,0.0,0.0,7.78816199376947e-06,0.0,0.0,0.0009968847352024922,7.78816199376947e-06,0.011195482866043613,0.005985202492211838,0.03860591900311527,4.672897196261682e-05,0.018251557632398753,0.00382398753894081,0.002118380062305296,0.0,0.0,0.0,0.0,0.0,0.0,0.0,0.00031152647975077883,0.0,0.0,0.0,0.0,0.0,7.78816199376947e-06,0.0,0.0,0.0,0.0,0.0,0.0,0.0,0.0,0.0,0.0,0.0,0.0,0.0,0.0,0.0,0.0,0.0,0.0,0.0,0.0,0.0012227414330218068,3.115264797507788e-05,0.0,0.0,0.0,0.0002920560747663551,3.115264797507788e-05,0.0,6.230529595015576e-05,0.0,0.0,0.0,0.0,0.0,0.0,0.0,0.0,0.0,0.0,0.0,0.0,0.0,0.0,0.0,0.0,0.0,0.0,0.0,0.0,0.0,0.0,0.0,0.0,0.0,0.0,1.557632398753894e-05,0.00024532710280373833,1.1682242990654205e-05,1.557632398753894e-05,0.0,0.00015576323987538941,0.00017523364485981307,0.00012461059190031152,3.504672897196262e-05,0.0,0.0,0.0,0.0,0.0,0.0,0.0,0.0,0.0,2.336448598130841e-05,1.557632398753894e-05,0.0,0.0,0.0,0.0,0.0,0.0,0.0,0.0,0.0,2.7258566978193147e-05,8.566978193146418e-05,0.0,0.0,0.0,0.0,0.0,0.0,1.1682242990654205e-05,0.0,0.0,0.0,0.0,0.00020638629283489096,0.0007749221183800623,0.0004984423676012461,1.9470404984423677e-05,3.8940809968847354e-05,0.00031542056074766354,0.0019392523364485982,0.002188473520249221,0.0004867601246105919,0.0002959501557632399,0.0,0.0,0.0,0.0,0.0,0.0,0.0,0.0,4.672897196261682e-05,2.7258566978193147e-05,0.0,0.0,0.0,0.0,0.0,0.0,0.00010124610591900311,0.0001791277258566978,0.0,0.0,0.0,0.0,0.0,0.0,0.0,6.230529595015576e-05,3.894080996884735e-06,0.0,0.07684579439252337,0.0023559190031152647,0.00016744548286604362,0.00023753894080996886
0.0,0.0,0.0,0.0,0.0,0.0,0.0018127490039840637,0.0,0.043754980079681274,0.0021713147410358565,0.0,0.0,0.0,0.0,0.0,0.0,0.0,0.0,0.0,0.0,0.0,0.0,0.0,0.0,0.0,0.0,0.0,0.0,0.0,0.0,0.020345285524568393,1.6600265604249667e-05,0.002436918990703851,0.0,0.0,0.0,0.0,0.0,0.0,0.0,0.0,0.0,0.0,0.0,0.0,0.0,0.0,0.0,0.0,0.0,0.0,0.0,0.0,0.0,0.0,0.0,0.0,0.0010756972111553786,5.976095617529881e-05,0.012337317397078353,0.0016799468791500664,0.003383134130146082,0.0003386454183266932,0.0,0.03613545816733068,0.0,0.0,0.0,0.0,0.0,0.0,0.0,1.6600265604249667e-05,0.0,0.0077324037184594956,1.6600265604249667e-05,0.06325033200531209,0.04689907038512616,0.021792828685258964,0.03626162018592297,0.007058432934926959,0.0,0.0,0.0,0.0,0.0,0.0,3.3200531208499336e-06,3.3200531208499336e-06,0.11811752988047809,0.08036188579017264,0.01589641434262948,0.08687250996015937,0.0,0.004143426294820717,0.11086321381142099,0.0,0.0,0.0,0.0,0.0,0.0,0.0,0.0,0.014335989375830013,0.0019289508632138114,0.0015869853917662683,0.050859893758300134,0.020252324037184594,0.07292496679946879,0.0009262948207171314,0.08012284196547145,0.0005677290836653387,0.02543824701195219,0.0,0.0,0.0,0.0,0.0,0.0,0.002805444887118194,0.0,0.0,0.0,0.0,0.0,0.0,0.0,0.0,0.0,0.0,0.0,0.0,0.0,0.0,0.0,0.0,0.0,0.0,0.0,0.0,0.0,0.0,0.0,0.0,0.0,0.0,0.0,0.0,0.0,0.0,0.0,3.9840637450199205e-05,6.640106241699867e-06,0.0,0.0,0.00014276228419654715,0.0,0.0,0.0,0.0,0.0,0.0,0.0,0.0,0.0,0.0,0.0,0.0,0.0,0.0,0.0,0.0,0.0,0.0,0.0,0.0,0.0,0.0,0.0,0.0,0.0,0.0,0.0,0.0,0.0,0.0,0.0,0.0,0.0,0.0,0.0,0.0,0.0,0.0,0.0,0.0,0.0,0.0,0.0,0.0,0.0,0.0,0.0,0.0,0.0,0.0,0.0,0.0,0.0,0.0,0.0,0.0,0.0,0.0,0.0,0.0,0.0,0.0,0.0,0.0,0.0,0.0,0.0,0.0,0.0,0.0,0.0,0.0,0.0,0.0,0.0,0.0,0.0,0.0,0.0,0.0,0.0,0.0,0.0,0.0,0.0,0.0,0.0,0.0,0.0,0.0,0.0,0.0,0.0,0.0,0.0,0.0,0.0,0.0,0.0,0.0,0.0,0.0,0.0,0.0,0.0,0.0,1.9920318725099602e-05,0.0,0.0,0.0001693227091633466
0.0,0.0,0.0,2.1231422505307854e-06,0.0,0.0,0.032526539278131636,0.006507430997876857,0.0012016985138004247,0.03480042462845011,0.0,0.0,0.0,0.0,0.0,0.0,0.0,9.341825902335457e-05,4.246284501061571e-06,0.0007452229299363057,4.883227176220807e-05,0.01061995753715499,0.0025774946921443736,0.00015286624203821657,0.0,0.0,0.0,0.0,0.0,0.0,0.0021210191082802546,0.001087048832271762,0.004265392781316348,0.0,0.0,0.0,0.0,0.0,0.0,0.0,0.0,7.006369426751592e-05,2.1231422505307854e-06,0.0002632696390658174,0.00028450106157112525,0.00040552016985138007,0.0006029723991507431,0.0,0.0,0.0,0.0,2.1231422505307854e-06,0.0,6.369426751592357e-06,0.0001167728237791932,0.18871125265392782,0.0008556263269639065,0.011284501061571126,0.11279193205944799,0.005989384288747346,0.014036093418259024,0.0023439490445859874,0.056197452229299366,0.0019639065817409766,0.01059447983014862,0.0,0.0,0.0,0.0,0.0,0.0,6.369426751592357e-06,2.1231422505307857e-05,2.1231422505307857e-05,0.03431210191082803,0.0005859872611464968,0.0069830148619957535,0.06944798301486199,0.006447983014861995,0.033558386411889594,0.026314225053078556,0.0,0.0,0.0,0.0,0.0,1.6985138004246283e-05,0.00015074309978768577,8.492569002123141e-06,0.0009384288747346072,0.0023800424628450108,0.00010828025477707006,0.010422505307855627,4.45859872611465e-05,0.0019087048832271763,0.05316135881104034,0.0,0.0,0.0,0.0,0.0,0.0,0.0,0.0,1.0615711252653929e-05,0.00018046709129511678,0.00012314225053078556,0.012407643312101911,0.0015626326963906582,0.03067728237791932,0.006475583864118896,0.003883227176220807,0.024390658174097666,0.01027176220806794,0.0,0.0,0.0,0.0,0.0,0.0,8.280254777070064e-05,2.7600849256900213e-05,0.0,6.369426751592357e-06,0.0,0.0,5.9447983014862e-05,6.369426751592357e-06,0.0,0.0,0.0,0.0,0.0,0.0,0.0,0.0,0.0,0.0,0.0,0.0,0.0,0.0,0.0,0.0,0.0,0.0,0.0,0.0,0.00013588110403397026,0.0006878980891719745,0.0,0.0,0.0,0.0005414012738853503,1.6985138004246283e-05,0.0,0.0,0.0,0.0,0.0,0.0,0.0,0.0,0.0,0.0,0.0,0.0,0.0,0.0,0.0,0.0,0.0,0.0,0.0,0.0,0.0,0.0,0.0,0.0,0.0,0.0,0.0,0.0,0.0,0.00026963906581740975,2.1231422505307857e-05,6.369426751592357e-06,2.1231422505307854e-06,6.581740976645435e-05,0.0007261146496815287,0.00024416135881104035,8.067940552016986e-05,0.0,0.0,0.0,0.0,0.0,0.0001464968152866242,0.0,0.0,0.0,0.00028450106157112525,0.0003673036093418259,0.0,0.0,0.0,0.0,0.0,0.0,0.0,0.0,0.0,0.00016985138004246286,6.581740976645435e-05,0.0,0.0,0.0,0.0,0.0,0.0,2.1231422505307854e-06,0.0,0.0,0.0,0.0,0.0022420382165605096,0.00041613588110403396,0.0011932059447983016,0.0001762208067940552,2.3354564755838642e-05,0.005305732484076433,0.061912951167728235,0.01883864118895966,0.002554140127388535,4.246284501061571e-06,0.0,0.0,0.0,0.0,0.0,0.0,0.0,0.0,2.1231422505307854e-06,8.492569002123141e-06,0.0,0.0,0.0,0.0,0.0,0.0,0.00016985138004246286,9.554140127388535e-05,0.0,0.0,0.0,0.0,0.0,0.0,0.0,2.1231422505307854e-06,0.0,0.0,0.028006369426751592,0.03333545647558386,0.0011953290870488323,4.246284501061571e-06
0.0,0.0,0.0,0.0,0.0,0.0,0.0,0.0,0.0,0.0,0.0,0.0,0.0,0.0,0.0,0.0,0.0,0.0,0.0,0.0,0.0,0.0,0.0,0.0,0.0,0.0,0.0,0.0,0.0,0.0,4.7459519821328866e-05,0.0,0.0006085985482970407,0.0,0.0,0.0,0.0,0.0,0.0,0.0,0.0,0.0,0.0,2.0938023450586266e-05,0.0,0.0,1.3958682300390842e-06,0.0,0.0,0.0,6.420993858179788e-05,4.187604690117253e-06,3.489670575097711e-05,0.07541317699609157,0.09640424343941932,0.020804020100502512,0.029730597431602456,0.0058305415968732555,0.00817001675041876,0.0010147962032384143,0.0003322166387493021,0.00010189838079285316,0.0,0.0,0.004260189838079285,0.0,0.0,0.0,0.00010050251256281407,0.0018523171412618649,0.0007970407593523172,0.046654103852596315,0.03797040759352317,0.07653126744835287,0.10930764935790062,0.1941359575656058,0.0602749860413177,0.013513400335008375,0.005156337241764377,0.0005248464544946957,0.00026242322724734786,0.0,0.0,0.0,7.956448911222781e-05,0.0,0.018421273031825797,0.0021189279731993298,1.6750418760469013e-05,0.06027219430485762,0.02034896705750977,5.723059743160246e-05,0.0,0.000480178671133445,0.09275823562255724,0.01323143495254048,0.0,0.0,0.0,0.0,0.0,0.0,0.0,0.0,0.0,0.0,0.0,1.8146286990508095e-05,0.001324678950307091,0.00018983807928531546,0.0,0.0,0.0,0.0007202680067001675,0.0,0.0,0.0,0.0,0.0,0.0,3.768844221105528e-05,0.0,0.0,0.0,0.0,0.0,0.0,0.0,0.0,0.0,0.0,0.0,0.0,0.0,0.0,0.0,0.0,0.0,0.0,0.0,0.0,0.0,0.0,0.0,0.0,0.0,0.0,0.0,0.0,0.0,0.0,0.0,0.0,0.0,0.0,0.0,0.0,0.0,0.0,0.0,0.0,0.0,0.0,0.0,0.0,0.0,0.0,0.0,0.0,0.0,0.0,0.0,0.0,0.0,0.0,0.0,0.0,0.0,0.0,0.0,0.0,0.0,0.0,0.0,0.0,0.0,0.0,0.0,0.0,0.0,0.0,0.0,0.0,0.0,0.0,0.0,0.0,0.0,0.0,0.0,0.0,0.0,0.0,0.0,0.0,0.0,0.0,0.0,0.0,0.0,0.0,0.0,0.0,0.0,0.0,0.0,0.0,0.0,0.0,0.0,0.0,0.0,0.0,0.0,0.0,0.0,0.0,0.0,0.0,0.0,0.0,0.0,0.0,0.0,0.0,0.0,0.0,0.0,0.0,0.0,0.0,0.0,0.0,0.0,0.0,0.0,0.0,0.0,0.0,0.0,0.0,0.0,0.0,0.0,0.0,0.0,0.0,0.0,0.0,0.0,0.0,0.0,0.0,0.0,0.0,0.0,0.0
0.0,0.0,0.0,0.0,0.0,0.0,0.005846153846153846,0.043932692307692305,1.923076923076923e-05,0.007974358974358975,0.0,0.0,0.0,0.0,0.0,0.0,0.0,0.010631410256410257,0.0,0.01,0.0,0.07224038461538461,0.006852564102564102,0.0,0.0,0.0,0.0,0.0,0.0,0.0,0.0,0.0002532051282051282,0.0027435897435897434,0.0,0.0,0.0,0.0,0.0,0.0,0.0,0.0,0.0,6.41025641025641e-06,0.0,0.023493589743589744,0.004935897435897436,0.008753205128205129,0.0,0.0,0.0,0.0,0.0,0.0,0.0,0.0,0.0003141025641025641,0.0,0.03831730769230769,0.0009198717948717949,0.14417628205128205,0.0415448717948718,0.017628205128205128,0.08740064102564103,0.011086538461538462,0.00010897435897435898,0.0,0.0,0.0,0.0,0.0,0.0,0.0,0.0,0.0,0.0,0.0,0.00014102564102564101,0.019189102564102563,0.048032051282051284,0.20349679487179487,0.03542948717948718,0.0,0.0,0.0,0.0,0.0,0.0,0.0,0.0,0.0,0.0,0.0,0.0,0.0,0.0,0.0005416666666666666,0.0,0.0,0.0,0.0,0.0,0.0,0.0,0.0,0.0,0.0,0.0,7.692307692307693e-05,0.0027307692307692306,0.021993589743589743,0.0,0.004137820512820513,0.002608974358974359,0.0,0.0,0.0,0.0,0.0,0.0,0.0,0.0,0.0,0.0,0.0,0.0,0.0,0.0,0.0,0.0,0.0,0.0,0.0,0.0,0.0,0.0,0.0,0.0,0.0,0.0,0.0,0.0,0.0,0.0,0.0,0.0,0.0,0.0,0.0,0.0,0.0,0.0,0.0,0.0,0.0,0.0,0.0,0.0,0.0,0.0,0.0,0.0,0.0,0.0,0.0,0.0,0.0,0.0,0.0,0.0,0.0,0.0,0.0,0.0,0.0,0.0,0.0,0.0,0.0,0.0,0.0,0.0,0.0,0.0,0.0,0.0,0.0,0.0,0.0,0.0,0.0,0.0,0.0,0.0,0.0,0.0,0.0,0.0,0.0,0.0,0.0,0.0,0.0,0.0,0.0,0.0,0.0,0.0,0.0,0.0,0.0,0.0,0.0,0.0,0.0,0.0,0.0,0.0,0.0,0.0,0.0,0.0,0.0,0.0,0.0,0.0,0.0010256410256410256,0.016179487179487178,0.0001955128205128205,0.0020865384615384617,0.0,0.00015384615384615385,0.06961858974358974,0.02725,0.002189102564102564,0.0,0.0,0.0,0.0,0.0,0.0,0.0,0.0,0.0,0.0,0.0,0.0,0.0,0.0,0.0,0.0,0.0,0.0010384615384615384,0.0026121794871794874,0.0,0.0,0.0,0.0,0.0,0.0,0.0,0.0,0.0,0.0,0.0,0.0,6.41025641025641e-05,0.0
0.0,0.0,0.0,0.0,0.0,0.0,0.0,1.1655011655011655e-05,0.0,0.000337995337995338,0.0,0.0,0.0,0.0,0.0,0.0,0.0,0.0,0.0,0.00020396270396270396,0.0,0.0008041958041958042,0.00033216783216783217,0.0,0.0,0.0,0.0,0.0,0.0,0.0,0.0,0.0,0.0,0.0,0.0,0.0,0.0,0.0,0.0,0.0,0.0,0.0,0.0,0.0,0.0,0.0,7.575757575757576e-05,0.0,0.0,0.0,0.0,0.0,0.0,0.0,0.0,0.0,0.0,0.03326340326340326,0.008356643356643356,4.662004662004662e-05,0.06751748251748252,0.007115384615384615,0.007785547785547786,0.014696969696969696,0.0,0.0,0.0,0.0,0.0,0.0,0.0,0.0,0.0,0.0,0.0,0.0,0.0,0.11943473193473193,0.0009382284382284383,0.0030710955710955713,0.13704545454545455,0.0,0.0,0.0,0.0,0.0,0.0,0.0,0.0,0.0,0.0,0.0,0.0007983682983682984,0.0,0.0,0.0181993006993007,0.0,0.0,0.0,0.0,0.0,0.0,0.0,0.0,0.0,0.0,0.0,0.0,0.0004487179487179487,0.0005011655011655012,8.741258741258741e-05,0.0017482517482517483,0.04504079254079254,0.0,0.0,0.0,0.0,0.0,0.0,0.0,0.0,0.0001923076923076923,0.0,0.0,0.0,0.0,5.8275058275058275e-06,0.0,0.0,0.0,0.0,0.0,0.0,0.0,0.0,0.0,0.0,0.0,0.0,0.0,0.0,0.0,0.0,0.0,0.0,0.0,0.0,0.0,0.003479020979020979,0.1731177156177156,0.0,0.0,0.0,4.079254079254079e-05,0.00028554778554778555,0.0010780885780885781,0.0,0.0,0.0,0.0,0.0,0.0,0.0,0.0,0.0,0.0,0.0,0.0,0.0,0.0,0.0,0.0,0.0,0.0,0.0,0.0,0.0,0.0,0.0,0.0,0.0,0.0,0.0,0.0,0.017867132867132866,0.0,0.0,0.0,0.0,0.07840326340326341,0.013117715617715619,5.244755244755245e-05,0.0,0.0,0.0,0.0,0.0,0.0,0.0,0.0,0.0,0.0,0.0,0.0,0.0,0.0,0.0,0.0,0.0,0.0,0.0,0.0,0.0,0.0,0.0,0.0,0.0,0.0,0.0,0.0,0.0,0.0,0.0,0.0,0.0,0.0,0.0,0.0,0.0,0.0,0.0,4.662004662004662e-05,0.01078088578088578,1.7482517482517483e-05,0.0,0.0,0.0,0.0,0.0,0.0,0.0,0.0,0.0,0.0,0.0,0.0,0.0,0.0,0.0,0.0,0.0,0.0,0.0,0.0,0.0,0.0,0.0,0.0,0.0,0.0,0.0,0.0,0.0,0.07438228438228438,0.10772727272727273,0.051544289044289045,0.0
0.0,0.0,0.0,0.0,0.0,0.0,0.0,0.0,0.0,0.0,0.0,0.0,0.0,0.0,0.0,0.0,0.0,0.0,0.0,0.0,0.0,0.0,0.0,0.0,0.0,0.0,0.0,0.0,0.0,0.0,0.010876436781609196,0.0,0.01791256157635468,0.0,0.0,0.0,0.0,0.0,0.0,0.0,0.0,0.00013957307060755337,0.0,0.0,0.0,0.0007758620689655172,0.0,0.0,0.0,0.0,0.0,0.0,0.0,0.007128489326765189,0.009392446633825944,0.08393267651888342,0.01310344827586207,0.07542898193760263,0.025445402298850575,0.03194376026272578,0.030022577996715927,0.0009318555008210181,0.0,0.0,0.005564449917898194,0.0,0.0,0.0,0.0,0.0,0.0,0.0005500821018062398,0.0,0.0001354679802955665,0.16012931034482758,0.014722906403940887,0.056428571428571425,0.057222906403940885,0.016939655172413793,0.08031609195402299,0.024493021346469624,0.0,0.0,0.0,0.0,0.0,2.6683087027914614e-05,0.000946223316912972,0.0,0.1199343185550082,0.04258415435139573,0.0007758620689655172,0.008667898193760263,3.8998357963875205e-05,0.009895320197044335,0.04356937602627258,0.0,0.0,0.0,0.0,0.0,0.0,0.0,0.0,0.0,0.00012520525451559936,0.0,0.002292692939244663,0.02499384236453202,0.02259031198686371,0.0,0.0,0.0,2.257799671592775e-05,0.0,0.0,0.0,0.0,0.0,0.0,0.0,0.0,0.0,0.0,0.0,0.0,0.0,0.0,0.0,0.0,0.0,0.0,0.0,0.0,0.0,0.0,0.0,0.0,0.0,0.0,0.0,0.0,0.0,0.0,0.0,0.0,0.0,0.0,0.0,0.0,0.0,0.0,0.0,0.0,0.0,0.0,0.0,0.0,0.0,0.0,0.0,0.0,0.0,0.0,0.0,0.0,0.0,0.0,0.0,0.0,0.0,0.0,0.0,0.0,0.0,0.0,0.0,0.0,0.0,0.0,0.0,0.0,0.0,0.0,0.0,0.0,0.0,0.0,0.0,0.0,0.0,0.0,0.0,0.0,0.0,0.0,0.0,0.0,0.0,0.0,0.0,0.0,0.0,0.0,0.0,0.0,0.0,0.0,0.0,0.0,0.0,0.0,0.0,0.0,0.0,0.0,0.0,0.0,0.0,0.0,0.0,0.0,0.0,0.0,0.0,0.0,0.0,0.0,0.0,0.0,0.0,0.0,0.0,0.0,0.0,0.0,0.0,0.0,0.0,0.0,0.0,0.0,0.0,0.0,0.0,0.0,0.0,0.0,0.0,0.0,0.0,0.0,0.0,0.0,0.0,0.0,0.0,0.0,0.0,0.0,0.0,0.0,0.0,0.0,0.0,0.0,0.0
